{
    "w=0.500000": {
        "algo1_acc_queries": 1,
        "algo1_avg_error_pct": 36.97950127559436,
        "algo1_avg_time_ms": 0.003128866666666667,
        "algo1_total_time_ms": 0.093866,
        "algo2_acc_queries": 1,
        "algo2_avg_error_pct": 49.999528324898215,
        "algo2_avg_time_ms": 0.008365833333333333,
        "algo2_total_time_ms": 0.250975,
        "algo3_acc_queries": 1,
        "algo3_avg_error_pct": 49.999528324898215,
        "algo3_avg_time_ms": 0.008297633333333334,
        "algo3_total_time_ms": 0.248929,
        "valid_queries": 2
    },
    "w=0.750000": {
        "algo1_acc_queries": 1,
        "algo1_avg_error_pct": 36.97950127559436,
        "algo1_avg_time_ms": 0.0031098000000000002,
        "algo1_total_time_ms": 0.093294,
        "algo2_acc_queries": 1,
        "algo2_avg_error_pct": 49.999528324898215,
        "algo2_avg_time_ms": 0.008201133333333334,
        "algo2_total_time_ms": 0.246034,
        "algo3_acc_queries": 1,
        "algo3_avg_error_pct": 49.999528324898215,
        "algo3_avg_time_ms": 0.010031033333333333,
        "algo3_total_time_ms": 0.300931,
        "valid_queries": 2
    },
    "w=1.000000": {
        "algo1_acc_queries": 1,
        "algo1_avg_error_pct": 36.97950127559436,
        "algo1_avg_time_ms": 0.0031248666666666663,
        "algo1_total_time_ms": 0.093746,
        "algo2_acc_queries": 1,
        "algo2_avg_error_pct": 49.999528324898215,
        "algo2_avg_time_ms": 0.008218566666666666,
        "algo2_total_time_ms": 0.246557,
        "algo3_acc_queries": 1,
        "algo3_avg_error_pct": 49.999528324898215,
        "algo3_avg_time_ms": 0.008045733333333334,
        "algo3_total_time_ms": 0.241372,
        "valid_queries": 2
    },
    "w=1.200000": {
        "algo1_acc_queries": 1,
        "algo1_avg_error_pct": 36.97950127559436,
        "algo1_avg_time_ms": 0.0038352666666666663,
        "algo1_total_time_ms": 0.115058,
        "algo2_acc_queries": 1,
        "algo2_avg_error_pct": 49.999528324898215,
        "algo2_avg_time_ms": 0.007990599999999999,
        "algo2_total_time_ms": 0.239718,
        "algo3_acc_queries": 1,
        "algo3_avg_error_pct": 49.999528324898215,
        "algo3_avg_time_ms": 0.008143866666666668,
        "algo3_total_time_ms": 0.244316,
        "valid_queries": 2
    },
    "w=1.500000": {
        "algo1_acc_queries": 1,
        "algo1_avg_error_pct": 36.97950127559436,
        "algo1_avg_time_ms": 0.0030871333333333333,
        "algo1_total_time_ms": 0.092614,
        "algo2_acc_queries": 1,
        "algo2_avg_error_pct": 49.999528324898215,
        "algo2_avg_time_ms": 0.008339466666666667,
        "algo2_total_time_ms": 0.250184,
        "algo3_acc_queries": 1,
        "algo3_avg_error_pct": 49.999528324898215,
        "algo3_avg_time_ms": 0.0081321,
        "algo3_total_time_ms": 0.243963,
        "valid_queries": 2
    },
    "w=2.000000": {
        "algo1_acc_queries": 1,
        "algo1_avg_error_pct": 36.97950127559436,
        "algo1_avg_time_ms": 0.0030919999999999997,
        "algo1_total_time_ms": 0.09276,
        "algo2_acc_queries": 1,
        "algo2_avg_error_pct": 49.999528324898215,
        "algo2_avg_time_ms": 0.008254066666666667,
        "algo2_total_time_ms": 0.247622,
        "algo3_acc_queries": 1,
        "algo3_avg_error_pct": 49.999528324898215,
        "algo3_avg_time_ms": 0.008765799999999999,
        "algo3_total_time_ms": 0.262974,
        "valid_queries": 2
    }
}