{
    "w=0.500000": {
        "algo1_acc_queries": 0,
        "algo1_avg_error_pct": null,
        "algo1_avg_time_ms": 0.6712134000000002,
        "algo1_total_time_ms": 13.424268000000003,
        "algo2_acc_queries": 0,
        "algo2_avg_error_pct": null,
        "algo2_avg_time_ms": 0.4953297500000001,
        "algo2_total_time_ms": 9.906595000000003,
        "algo3_acc_queries": 0,
        "algo3_avg_error_pct": null,
        "algo3_avg_time_ms": 0.4825771,
        "algo3_total_time_ms": 9.651542,
        "valid_queries": 0
    },
    "w=0.750000": {
        "algo1_acc_queries": 0,
        "algo1_avg_error_pct": null,
        "algo1_avg_time_ms": 0.36778944999999996,
        "algo1_total_time_ms": 7.355788999999999,
        "algo2_acc_queries": 0,
        "algo2_avg_error_pct": null,
        "algo2_avg_time_ms": 0.41741909999999993,
        "algo2_total_time_ms": 8.348381999999999,
        "algo3_acc_queries": 0,
        "algo3_avg_error_pct": null,
        "algo3_avg_time_ms": 0.5570033500000001,
        "algo3_total_time_ms": 11.140067000000002,
        "valid_queries": 0
    },
    "w=1.000000": {
        "algo1_acc_queries": 0,
        "algo1_avg_error_pct": null,
        "algo1_avg_time_ms": 0.31969615000000007,
        "algo1_total_time_ms": 6.393923000000001,
        "algo2_acc_queries": 0,
        "algo2_avg_error_pct": null,
        "algo2_avg_time_ms": 0.45002225000000007,
        "algo2_total_time_ms": 9.000445000000001,
        "algo3_acc_queries": 0,
        "algo3_avg_error_pct": null,
        "algo3_avg_time_ms": 0.4221204500000001,
        "algo3_total_time_ms": 8.442409000000001,
        "valid_queries": 0
    },
    "w=1.200000": {
        "algo1_acc_queries": 0,
        "algo1_avg_error_pct": null,
        "algo1_avg_time_ms": 0.2982297,
        "algo1_total_time_ms": 5.964594,
        "algo2_acc_queries": 0,
        "algo2_avg_error_pct": null,
        "algo2_avg_time_ms": 0.41605155,
        "algo2_total_time_ms": 8.321031,
        "algo3_acc_queries": 0,
        "algo3_avg_error_pct": null,
        "algo3_avg_time_ms": 0.4271096,
        "algo3_total_time_ms": 8.542192,
        "valid_queries": 0
    },
    "w=1.500000": {
        "algo1_acc_queries": 0,
        "algo1_avg_error_pct": null,
        "algo1_avg_time_ms": 0.31210934999999995,
        "algo1_total_time_ms": 6.2421869999999995,
        "algo2_acc_queries": 0,
        "algo2_avg_error_pct": null,
        "algo2_avg_time_ms": 0.44131420000000005,
        "algo2_total_time_ms": 8.826284000000001,
        "algo3_acc_queries": 0,
        "algo3_avg_error_pct": null,
        "algo3_avg_time_ms": 0.46266814999999994,
        "algo3_total_time_ms": 9.253362999999998,
        "valid_queries": 0
    },
    "w=2.000000": {
        "algo1_acc_queries": 0,
        "algo1_avg_error_pct": null,
        "algo1_avg_time_ms": 0.44593299999999997,
        "algo1_total_time_ms": 8.91866,
        "algo2_acc_queries": 0,
        "algo2_avg_error_pct": null,
        "algo2_avg_time_ms": 0.46021095,
        "algo2_total_time_ms": 9.204219,
        "algo3_acc_queries": 0,
        "algo3_avg_error_pct": null,
        "algo3_avg_time_ms": 0.5036839,
        "algo3_total_time_ms": 10.073678,
        "valid_queries": 0
    }
}