{
    "assignments": [
        {
            "driver_id": 0,
            "order_ids": [
                27,
                1,
                8,
                19,
                20,
                23
            ],
            "route": [
                25,
                65,
                60,
                65,
                88,
                49,
                80,
                13,
                73,
                78,
                76,
                88
            ]
        },
        {
            "driver_id": 1,
            "order_ids": [
                10,
                2,
                7,
                11,
                18
            ],
            "route": [
                25,
                83,
                30,
                9,
                3,
                89,
                21,
                49,
                27,
                83,
                50
            ]
        },
        {
            "driver_id": 2,
            "order_ids": [
                24,
                5,
                15,
                25
            ],
            "route": [
                25,
                40,
                46,
                23,
                16,
                8,
                21,
                40,
                17
            ]
        },
        {
            "driver_id": 3,
            "order_ids": [
                12,
                3,
                4,
                6,
                9,
                14,
                13,
                16,
                17,
                26,
                21,
                22
            ],
            "route": [
                25,
                3,
                2,
                28,
                29,
                39,
                27,
                1,
                17,
                26,
                42,
                98,
                97,
                79,
                8,
                42,
                45,
                63,
                76,
                24,
                39
            ]
        }
    ],
    "metrics": {
        "total_delivery_time_s": 1.5000000000000116e+16
    },
    "processing_time": 4850.142864
}
